,year,geo_lvl,geo_cd,geo_desc,plan_type,tot_opioid_clms,tot_clms,opioid_prscrbng_rate,opioid_prscrbng_rate_5y_chg,opioid_prscrbng_rate_1y_chg,la_tot_opioid_clms,la_opioid_prscrbng_rate,la_opioid_prscrbng_rate_5y_chg,la_opioid_prscrbng_rate_1y_chg
3,2021,State,1.0,Alabama,All,175237.0,7525456.0,2.33,-3.04,-0.38,7767.0,4.43,-0.36,-0.18
4,2021,State,1.0,Alabama,FFS,175237.0,7525456.0,2.33,-3.04,-0.38,7767.0,4.43,-0.36,-0.18
6,2021,State,2.0,Alaska,All,58330.0,1436383.0,4.06,-3.84,-0.24,7076.0,12.13,0.54,-0.58
7,2021,State,2.0,Alaska,FFS,58330.0,1436383.0,4.06,-3.84,-0.24,7076.0,12.13,0.54,-0.58
9,2021,State,4.0,Arizona,All,512306.0,14333371.0,3.57,-3.72,-0.1,32317.0,6.31,-4.52,-0.9
10,2021,State,4.0,Arizona,FFS,9468.0,226687.0,4.18,-9.91,-0.76,551.0,5.82,-2.06,-0.69
11,2021,State,4.0,Arizona,MC,502838.0,14106684.0,3.56,-3.68,-0.1,31766.0,6.32,-4.55,-0.9
12,2021,State,5.0,Arkansas,All,159449.0,4769182.0,3.34,-3.54,-0.53,4985.0,3.13,-2.27,-0.31
13,2021,State,5.0,Arkansas,FFS,145142.0,3761179.0,3.86,-3.02,-0.59,4596.0,3.17,-2.23,-0.32
15,2021,State,6.0,California,All,2326559.0,82341664.0,2.83,-2.32,-0.15,136506.0,5.87,-0.5,-0.31
16,2021,State,6.0,California,FFS,546769.0,21472080.0,2.55,-2.17,-0.14,51964.0,9.5,2.05,-0.03
17,2021,State,6.0,California,MC,1779790.0,60869584.0,2.92,-2.39,-0.16,84542.0,4.75,-1.24,-0.39
18,2021,State,8.0,Colorado,All,388714.0,8042561.0,4.83,-4.26,-0.33,39276.0,10.1,1.24,0.34
19,2021,State,8.0,Colorado,FFS,369379.0,7526920.0,4.91,-4.13,-0.39,37704.0,10.21,1.27,0.39
20,2021,State,8.0,Colorado,MC,19335.0,515641.0,3.75,-6.04,0.28,1572.0,8.13,0.29,-0.55
21,2021,State,9.0,Connecticut,All,253042.0,8966934.0,2.82,-2.35,-0.05,22741.0,8.99,-0.47,-0.02
22,2021,State,9.0,Connecticut,FFS,253042.0,8966934.0,2.82,-2.35,-0.05,22741.0,8.99,-0.47,-0.02
24,2021,State,10.0,Delaware,All,76433.0,2775047.0,2.75,-2.62,0.05,11332.0,14.83,-1.3,-1.24
25,2021,State,10.0,Delaware,FFS,355.0,26120.0,1.36,-2.52,-0.61,22.0,6.2,-0.6,-1.09
26,2021,State,10.0,Delaware,MC,76078.0,2748927.0,2.77,-2.66,0.06,11310.0,14.87,-1.5,-1.29
27,2021,State,11.0,District of Columbia,All,43363.0,1472218.0,2.95,-1.42,0.43,1796.0,4.14,-0.82,-0.24
28,2021,State,11.0,District of Columbia,FFS,5012.0,270834.0,1.85,-2.59,-0.74,440.0,8.78,0.31,2.03
29,2021,State,11.0,District of Columbia,MC,38351.0,1201384.0,3.19,-1.13,0.7,1356.0,3.54,1.04,0.64
30,2021,State,12.0,Florida,All,679646.0,27523221.0,2.47,-2.04,-0.13,51692.0,7.61,0.84,-0.27
31,2021,State,12.0,Florida,FFS,19047.0,1234008.0,1.54,-0.64,0.06,1093.0,5.74,-0.32,-2.68
32,2021,State,12.0,Florida,MC,660599.0,26289213.0,2.51,-2.24,-0.16,50599.0,7.66,0.86,-0.21
33,2021,State,13.0,Georgia,All,490478.0,15414140.0,3.18,-2.63,-0.38,25844.0,5.27,0.06,-0.29
34,2021,State,13.0,Georgia,FFS,282918.0,6748163.0,4.19,-2.4,-0.32,22123.0,7.82,-0.06,-0.14
35,2021,State,13.0,Georgia,MC,207560.0,8665977.0,2.4,-2.7,-0.33,3721.0,1.79,-0.22,-0.26
36,2021,State,15.0,Hawaii,All,74508.0,2001123.0,3.72,-2.44,-0.01,5120.0,6.87,-2.98,-0.99
39,2021,State,16.0,Idaho,All,140925.0,3925845.0,3.59,-2.53,-0.33,8956.0,6.36,-3.09,-0.22
40,2021,State,16.0,Idaho,FFS,140925.0,3925845.0,3.59,-2.53,-0.33,8956.0,6.36,-3.09,-0.22
42,2021,State,17.0,Illinois,All,786283.0,25057780.0,3.14,-2.44,-0.02,21608.0,2.75,-1.03,-0.22
43,2021,State,17.0,Illinois,FFS,21470.0,1282929.0,1.67,-3.98,-0.29,716.0,3.33,-0.29,0.7
44,2021,State,17.0,Illinois,MC,764813.0,23774851.0,3.22,-2.34,-0.02,20892.0,2.73,-1.11,-0.25
45,2021,State,18.0,Indiana,All,584783.0,17483180.0,3.34,-3.06,-0.17,27841.0,4.76,-1.58,-0.63
46,2021,State,18.0,Indiana,FFS,42430.0,2050213.0,2.07,-0.59,-0.08,3693.0,8.7,2.89,0.11
47,2021,State,18.0,Indiana,MC,542353.0,15432967.0,3.51,-4.28,-0.21,24148.0,4.45,-1.96,-0.66
48,2021,State,19.0,Iowa,All,541375.0,7802164.0,6.94,2.29,0.5,346139.0,63.94,56.42,1.47
49,2021,State,19.0,Iowa,FFS,5624.0,120302.0,4.67,-0.73,-0.26,3084.0,54.84,47.18,-0.52
50,2021,State,19.0,Iowa,MC,535751.0,7681862.0,6.97,2.69,0.5,343055.0,64.03,56.6,1.46
51,2021,State,20.0,Kansas,All,91027.0,3418047.0,2.66,-3.39,-0.25,5711.0,6.27,-4.2,-0.77
52,2021,State,20.0,Kansas,FFS,47.0,11086.0,0.42,-2.14,-0.65,0.0,0.0,-10.61,0.0
53,2021,State,20.0,Kansas,MC,90980.0,3406961.0,2.67,-3.4,-0.25,5711.0,6.28,-4.19,-0.77
54,2021,State,21.0,Kentucky,All,556653.0,21835216.0,2.55,-1.83,-0.39,13467.0,2.42,-0.63,-0.34
55,2021,State,21.0,Kentucky,FFS,12153.0,808650.0,1.5,-1.11,-0.28,548.0,4.51,-4.75,0.7
56,2021,State,21.0,Kentucky,MC,544500.0,21026566.0,2.59,-1.87,-0.43,12919.0,2.37,-0.5,-0.34
57,2021,State,22.0,Louisiana,All,562767.0,20002392.0,2.81,-2.92,-0.17,11022.0,1.96,-1.14,-0.4
58,2021,State,22.0,Louisiana,FFS,4795.0,663306.0,0.72,-1.13,-0.13,373.0,7.78,-2.84,-0.47
59,2021,State,22.0,Louisiana,MC,557972.0,19339086.0,2.89,-3.15,-0.17,10649.0,1.91,-1.0,-0.39
60,2021,State,23.0,Maine,All,78226.0,2657803.0,2.94,-2.18,-0.15,10060.0,12.86,-2.75,-0.59
61,2021,State,23.0,Maine,FFS,78226.0,2657803.0,2.94,-2.18,-0.15,10060.0,12.86,-2.75,-0.59
63,2021,State,24.0,Maryland,All,446939.0,13926140.0,3.21,-2.91,-0.37,38557.0,8.63,-3.94,-1.11
64,2021,State,24.0,Maryland,FFS,18364.0,4895062.0,0.38,-0.82,-0.05,2158.0,11.75,-3.03,-0.89
65,2021,State,24.0,Maryland,MC,428575.0,9031078.0,4.75,-3.82,-0.56,36399.0,8.49,-3.92,-1.12
66,2021,State,25.0,Massachusetts,All,355272.0,16157629.0,2.2,-1.84,0.05,30493.0,8.58,-0.93,-0.62
67,2021,State,25.0,Massachusetts,FFS,174500.0,8019396.0,2.18,-1.13,0.08,16432.0,9.42,-1.55,-0.69
68,2021,State,25.0,Massachusetts,MC,180772.0,8138233.0,2.22,-2.28,0.03,14061.0,7.78,-1.04,-0.58
69,2021,State,26.0,Michigan,All,942031.0,27957775.0,3.37,-3.9,-0.17,41489.0,4.4,-1.65,-0.58
70,2021,State,26.0,Michigan,FFS,72334.0,8804632.0,0.82,-1.29,-0.03,5149.0,7.12,0.52,0.12
71,2021,State,26.0,Michigan,MC,869697.0,19153143.0,4.54,-5.03,-0.23,36340.0,4.18,-1.81,-0.63
72,2021,State,27.0,Minnesota,All,313000.0,11336665.0,2.76,-2.08,0.04,24086.0,7.7,-0.67,-0.46
73,2021,State,27.0,Minnesota,FFS,30911.0,1505912.0,2.05,-2.13,-0.11,2570.0,8.31,-0.69,-0.5
74,2021,State,27.0,Minnesota,MC,282089.0,9830753.0,2.87,-2.14,0.05,21516.0,7.63,-0.61,-0.44
75,2021,State,28.0,Mississippi,All,160639.0,5294168.0,3.03,-3.28,-0.27,6171.0,3.84,-0.22,-0.46
76,2021,State,28.0,Mississippi,FFS,32353.0,1183249.0,2.73,-2.29,0.11,1504.0,4.65,-2.01,-1.47
77,2021,State,28.0,Mississippi,MC,128286.0,4110919.0,3.12,-3.45,-0.34,4667.0,3.64,-0.03,-0.34
78,2021,State,29.0,Missouri,All,303768.0,11378235.0,2.67,-2.88,-0.24,18420.0,6.06,-3.01,-0.72
79,2021,State,29.0,Missouri,FFS,303768.0,11378235.0,2.67,-2.88,-0.24,18420.0,6.06,-3.01,-0.72
81,2021,State,30.0,Montana,All,310163.0,2980056.0,10.41,2.78,0.66,204535.0,65.94,57.94,2.99
82,2021,State,30.0,Montana,FFS,310163.0,2980056.0,10.41,2.78,0.66,204535.0,65.94,57.94,2.99
84,2021,State,31.0,Nebraska,All,97671.0,3310993.0,2.95,-2.34,-0.16,8819.0,9.03,-1.5,-1.4
87,2021,State,32.0,Nevada,All,267451.0,6372498.0,4.2,-3.95,-0.5,20465.0,7.65,-1.31,-0.74
88,2021,State,32.0,Nevada,FFS,98819.0,1856551.0,5.32,-3.19,-0.27,10441.0,10.57,-1.24,-0.25
89,2021,State,32.0,Nevada,MC,168632.0,4515947.0,3.73,-4.21,-0.55,10024.0,5.94,-1.25,-0.96
90,2021,State,33.0,New Hampshire,All,41805.0,2084056.0,2.01,-2.49,-0.18,4132.0,9.88,-4.25,-2.92
91,2021,State,33.0,New Hampshire,FFS,533.0,30517.0,1.75,-4.01,-0.56,73.0,13.7,3.66,3.49
92,2021,State,33.0,New Hampshire,MC,41272.0,2053539.0,2.01,-2.33,-0.17,4059.0,9.83,-4.98,-3.01
93,2021,State,34.0,New Jersey,All,445006.0,19012396.0,2.34,-2.15,-0.19,32350.0,7.27,-1.73,-0.8
94,2021,State,34.0,New Jersey,FFS,4462.0,245452.0,1.82,-2.14,-0.31,873.0,19.57,-3.23,2.7
95,2021,State,34.0,New Jersey,MC,440544.0,18766944.0,2.35,-2.15,-0.19,31477.0,7.15,-1.54,-0.78
96,2021,State,35.0,New Mexico,All,158378.0,4769012.0,3.32,-3.11,-0.16,4559.0,2.88,-0.72,-0.21
97,2021,State,35.0,New Mexico,FFS,6242.0,294632.0,2.12,-7.64,-0.68,208.0,3.33,0.29,-0.57
98,2021,State,35.0,New Mexico,MC,152136.0,4474380.0,3.4,-2.94,-0.12,4351.0,2.86,-0.77,-0.19
99,2021,State,36.0,New York,All,986690.0,67156100.0,1.47,-1.39,-0.14,67699.0,6.86,-2.6,-0.58
100,2021,State,36.0,New York,FFS,37542.0,6431240.0,0.58,-1.1,-0.1,5077.0,13.52,-0.49,0.3
101,2021,State,36.0,New York,MC,949148.0,60724860.0,1.56,-1.44,-0.16,62622.0,6.6,-2.55,-0.57
102,2021,State,37.0,North Carolina,All,506796.0,15676150.0,3.23,-3.01,-0.07,49861.0,9.84,0.01,-1.45
103,2021,State,37.0,North Carolina,FFS,337332.0,10810035.0,3.12,-3.12,-0.18,33149.0,9.83,0.0,-1.46
105,2021,State,38.0,North Dakota,All,29381.0,1044301.0,2.81,-3.12,-0.12,648.0,2.21,-5.33,-0.78
106,2021,State,38.0,North Dakota,FFS,29357.0,956265.0,3.07,-1.72,-0.11,648.0,2.21,-4.84,-0.78
107,2021,State,38.0,North Dakota,MC,24.0,88036.0,0.03,-7.46,-0.01,0.0,0.0,-7.97,0.0
108,2021,State,39.0,Ohio,All,940091.0,39638415.0,2.37,-2.97,-0.07,41456.0,4.41,-0.73,-0.38
109,2021,State,39.0,Ohio,FFS,56888.0,2821678.0,2.02,-2.22,-0.14,4844.0,8.52,-0.16,-0.18
110,2021,State,39.0,Ohio,MC,883203.0,36816737.0,2.4,-3.07,-0.06,36612.0,4.15,-0.67,-0.35
111,2021,State,40.0,Oklahoma,All,293862.0,5776761.0,5.09,-2.09,0.83,78247.0,26.63,17.49,18.79
112,2021,State,40.0,Oklahoma,FFS,293862.0,5776761.0,5.09,-2.09,0.83,78247.0,26.63,17.49,18.79
114,2021,State,41.0,Oregon,All,363484.0,9845328.0,3.69,-3.74,-0.25,47494.0,13.07,5.16,1.01
115,2021,State,41.0,Oregon,FFS,8422.0,2394937.0,0.35,-2.15,-0.15,220.0,2.61,-9.62,-0.63
116,2021,State,41.0,Oregon,MC,355062.0,7450391.0,4.77,-4.18,-0.22,47274.0,13.31,5.78,0.99
117,2021,State,42.0,Pennsylvania,All,455083.0,32695393.0,1.39,-4.07,-0.21,44975.0,9.88,1.3,0.11
118,2021,State,42.0,Pennsylvania,FFS,4481.0,412416.0,1.09,-1.15,-0.03,489.0,10.91,-4.55,-0.44
119,2021,State,42.0,Pennsylvania,MC,450602.0,32282977.0,1.4,-4.2,-0.2,44486.0,9.87,1.41,0.12
120,2021,State,44.0,Rhode Island,All,68584.0,3275571.0,2.09,-2.12,-0.02,5796.0,8.45,1.79,-0.16
121,2021,State,44.0,Rhode Island,FFS,1003.0,122998.0,0.82,-1.92,-0.37,73.0,7.28,-2.01,-2.82
122,2021,State,44.0,Rhode Island,MC,67581.0,3152573.0,2.14,-2.16,-0.02,5723.0,8.47,1.91,-0.1
123,2021,State,45.0,South Carolina,All,144556.0,6635919.0,2.18,-3.64,-0.18,12240.0,8.47,2.14,0.59
124,2021,State,45.0,South Carolina,FFS,20119.0,1018467.0,1.98,-1.74,-0.22,1730.0,8.6,0.26,-0.76
125,2021,State,45.0,South Carolina,MC,124437.0,5617452.0,2.22,-4.08,-0.17,10510.0,8.45,2.39,0.84
126,2021,State,46.0,South Dakota,All,26064.0,947559.0,2.75,-2.64,-0.12,2156.0,8.27,-1.06,-1.21
127,2021,State,46.0,South Dakota,FFS,26064.0,947559.0,2.75,-2.64,-0.12,2156.0,8.27,-1.06,-1.21
129,2021,State,47.0,Tennessee,All,694218.0,14161072.0,4.9,-2.15,1.03,443880.0,63.94,59.0,19.95
132,2021,State,48.0,Texas,All,576024.0,28375224.0,2.03,-1.71,-0.4,24379.0,4.23,-0.43,-0.17
133,2021,State,48.0,Texas,FFS,5628.0,595081.0,0.95,-0.84,-0.28,282.0,5.01,0.53,0.79
134,2021,State,48.0,Texas,MC,570396.0,27780143.0,2.05,-1.92,-0.41,24097.0,4.22,-0.45,-0.19
135,2021,State,49.0,Utah,All,123197.0,3383385.0,3.64,-3.56,-0.45,9259.0,7.52,-3.61,-1.36
136,2021,State,49.0,Utah,FFS,21255.0,1472772.0,1.44,-2.92,-0.27,1105.0,5.2,-3.9,-0.6
137,2021,State,49.0,Utah,MC,101942.0,1910613.0,5.34,-4.17,-0.57,8154.0,8.0,-3.89,-1.56
138,2021,State,50.0,Vermont,All,43511.0,1594969.0,2.73,-3.6,-0.21,5765.0,13.25,-0.84,-1.42
141,2021,State,51.0,Virginia,All,2797499.0,19305772.0,14.49,8.9,1.65,2461048.0,87.97,74.1,2.02
142,2021,State,51.0,Virginia,FFS,36579.0,317434.0,11.52,5.7,-2.77,33400.0,91.31,43.37,-0.39
143,2021,State,51.0,Virginia,MC,2760920.0,18988338.0,14.54,8.99,1.73,2427648.0,87.93,81.07,2.12
144,2021,State,53.0,Washington,All,510784.0,13531963.0,3.77,-3.49,-0.07,39970.0,7.83,-1.07,-0.07
145,2021,State,53.0,Washington,FFS,18383.0,586303.0,3.14,-6.58,-0.44,1107.0,6.02,0.15,0.46
146,2021,State,53.0,Washington,MC,492401.0,12945660.0,3.8,-3.21,-0.05,38863.0,7.89,-1.44,-0.11
147,2021,State,54.0,West Virginia,All,162857.0,8609004.0,1.89,-2.67,-0.08,7121.0,4.37,-0.43,0.18
150,2021,State,55.0,Wisconsin,All,491604.0,11162438.0,4.4,-3.26,-0.17,103567.0,21.07,4.97,-1.69
151,2021,State,55.0,Wisconsin,FFS,491604.0,11162438.0,4.4,-3.27,-0.17,103567.0,21.07,5.02,-1.69
153,2021,State,56.0,Wyoming,All,17713.0,446621.0,3.97,-2.44,-0.35,2010.0,11.35,2.13,-0.46
154,2021,State,56.0,Wyoming,FFS,17713.0,446621.0,3.97,-2.44,-0.35,2010.0,11.35,2.13,-0.46
159,2020,State,1.0,Alabama,All,182750.0,6731532.0,2.71,-2.92,-0.39,8428.0,4.61,-0.17,0.01
160,2020,State,1.0,Alabama,FFS,182750.0,6731532.0,2.71,-2.92,-0.39,8428.0,4.61,-0.17,0.01
162,2020,State,2.0,Alaska,All,57131.0,1329276.0,4.3,-3.31,-0.26,7264.0,12.71,0.39,0.07
163,2020,State,2.0,Alaska,FFS,57131.0,1329276.0,4.3,-3.31,-0.26,7264.0,12.71,0.39,0.07
165,2020,State,4.0,Arizona,All,528058.0,14379406.0,3.67,-4.12,-0.31,38059.0,7.21,-3.18,-0.24
166,2020,State,4.0,Arizona,FFS,8815.0,178530.0,4.94,-10.42,-1.58,574.0,6.51,-2.22,0.43
167,2020,State,4.0,Arizona,MC,519243.0,14200876.0,3.66,-4.06,-0.29,37485.0,7.22,-3.2,-0.25
168,2020,State,5.0,Arkansas,All,183608.0,4747650.0,3.87,-3.14,-0.45,6311.0,3.44,-1.35,-0.31
169,2020,State,5.0,Arkansas,FFS,169650.0,3808746.0,4.45,-2.56,-0.34,5925.0,3.49,-1.3,-0.3
171,2020,State,6.0,California,All,2438944.0,81928518.0,2.98,-2.61,-0.21,150614.0,6.18,-0.33,-0.13
172,2020,State,6.0,California,FFS,575354.0,21386281.0,2.69,-2.54,-0.27,54830.0,9.53,1.7,0.6
173,2020,State,6.0,California,MC,1863590.0,60542237.0,3.08,-2.67,-0.18,95784.0,5.14,-0.84,-0.32
174,2020,State,8.0,Colorado,All,389352.0,7539980.0,5.16,-5.05,-0.36,38019.0,9.76,1.04,0.5
175,2020,State,8.0,Colorado,FFS,369261.0,6960955.0,5.3,-4.91,-0.33,36275.0,9.82,1.1,0.52
177,2020,State,9.0,Connecticut,All,254566.0,8855410.0,2.87,-3.22,-0.31,22929.0,9.01,-0.85,1.2
178,2020,State,9.0,Connecticut,FFS,254566.0,8855410.0,2.87,-3.22,-0.31,22929.0,9.01,-0.85,1.2
180,2020,State,10.0,Delaware,All,72222.0,2676252.0,2.7,-3.6,-0.53,11609.0,16.07,0.3,0.16
181,2020,State,10.0,Delaware,FFS,686.0,34846.0,1.97,-3.14,0.2,50.0,7.29,-3.72,2.97
182,2020,State,10.0,Delaware,MC,71536.0,2641406.0,2.71,-3.65,-0.55,11559.0,16.16,0.18,0.11
183,2020,State,11.0,District of Columbia,All,46589.0,1845621.0,2.52,-2.3,-0.26,2039.0,4.38,-1.53,0.38
184,2020,State,11.0,District of Columbia,FFS,17873.0,691243.0,2.59,-2.72,-0.38,1206.0,6.75,-3.37,0.13
185,2020,State,11.0,District of Columbia,MC,28716.0,1154378.0,2.49,-2.0,-0.16,833.0,2.9,0.39,0.87
186,2020,State,12.0,Florida,All,660176.0,25356087.0,2.6,-2.43,0.02,52038.0,7.88,-1.41,0.72
187,2020,State,12.0,Florida,FFS,19615.0,1321554.0,1.48,-1.68,0.12,1651.0,8.42,0.41,0.22
188,2020,State,12.0,Florida,MC,640561.0,24034533.0,2.67,-2.62,0.02,50387.0,7.87,-1.52,0.75
189,2020,State,13.0,Georgia,All,517381.0,14513150.0,3.56,-2.71,-0.26,28777.0,5.56,0.49,-0.34
190,2020,State,13.0,Georgia,FFS,307447.0,6810582.0,4.51,-2.59,-0.38,24482.0,7.96,0.19,-0.79
191,2020,State,13.0,Georgia,MC,209934.0,7702568.0,2.73,-2.81,-0.18,4295.0,2.05,-0.02,0.2
192,2020,State,15.0,Hawaii,All,78057.0,2090581.0,3.73,-3.02,-0.18,6132.0,7.86,-3.15,-1.31
195,2020,State,16.0,Idaho,All,132076.0,3372544.0,3.92,-2.93,0.3,8694.0,6.58,-3.62,-1.35
196,2020,State,16.0,Idaho,FFS,132076.0,3372544.0,3.92,-2.93,0.3,8694.0,6.58,-3.62,-1.35
198,2020,State,17.0,Illinois,All,759916.0,24072560.0,3.16,-2.92,-0.16,22535.0,2.97,-0.9,-0.36
199,2020,State,17.0,Illinois,FFS,31192.0,1590871.0,1.96,-4.01,-0.04,820.0,2.63,-1.06,-0.21
200,2020,State,17.0,Illinois,MC,728724.0,22481689.0,3.24,-2.92,-0.21,21715.0,2.98,-1.02,-0.38
201,2020,State,18.0,Indiana,All,542625.0,15446410.0,3.51,-3.57,-0.16,29270.0,5.39,-1.62,-0.36
202,2020,State,18.0,Indiana,FFS,44665.0,2075456.0,2.15,-2.88,-0.16,3838.0,8.59,0.66,0.27
203,2020,State,18.0,Indiana,MC,497960.0,13370954.0,3.72,-5.49,-0.17,25432.0,5.11,-1.38,-0.4
204,2020,State,19.0,Iowa,All,437881.0,6801710.0,6.44,0.57,1.78,273534.0,62.47,55.6,16.48
205,2020,State,19.0,Iowa,FFS,6330.0,128504.0,4.93,-0.99,-0.03,3504.0,55.36,48.49,16.82
206,2020,State,19.0,Iowa,MC,431551.0,6673206.0,6.47,6.45,1.82,270030.0,62.57,62.57,16.31
207,2020,State,20.0,Kansas,All,90567.0,3109049.0,2.91,-3.43,-0.39,6379.0,7.04,-3.34,-0.71
208,2020,State,20.0,Kansas,FFS,130.0,12103.0,1.07,-1.8,-0.53,0.0,0.0,-9.74,-5.14
209,2020,State,20.0,Kansas,MC,90437.0,3096946.0,2.92,-3.44,-0.39,6379.0,7.05,-3.34,-0.71
210,2020,State,21.0,Kentucky,All,619883.0,21099248.0,2.94,-1.13,-0.04,17091.0,2.76,-0.44,0.03
211,2020,State,21.0,Kentucky,FFS,26178.0,1471351.0,1.78,-0.84,0.43,998.0,3.81,-7.62,-2.33
212,2020,State,21.0,Kentucky,MC,593705.0,19627897.0,3.02,-1.16,-0.02,16093.0,2.71,-0.08,0.04
213,2020,State,22.0,Louisiana,All,560087.0,18824650.0,2.98,-2.43,-0.28,13245.0,2.36,-1.17,0.05
214,2020,State,22.0,Louisiana,FFS,6233.0,730271.0,0.85,-2.65,-0.12,514.0,8.25,3.2,-0.64
215,2020,State,22.0,Louisiana,MC,553854.0,18094379.0,3.06,-2.96,-0.29,12731.0,2.3,-0.95,0.07
216,2020,State,23.0,Maine,All,74688.0,2414014.0,3.09,-2.72,-0.32,10045.0,13.45,-1.16,-0.6
217,2020,State,23.0,Maine,FFS,74688.0,2414014.0,3.09,-2.72,-0.32,10045.0,13.45,-1.16,-0.6
219,2020,State,24.0,Maryland,All,468119.0,13069563.0,3.58,-3.02,-0.2,45590.0,9.74,-1.91,-0.63
220,2020,State,24.0,Maryland,FFS,19888.0,4628153.0,0.43,-1.36,-0.1,2514.0,12.64,-0.94,1.05
221,2020,State,24.0,Maryland,MC,448231.0,8441410.0,5.31,-3.68,-0.09,43076.0,9.61,-1.85,-0.7
222,2020,State,25.0,Massachusetts,All,342792.0,15980380.0,2.15,-2.76,-0.09,31538.0,9.2,0.47,-0.39
223,2020,State,25.0,Massachusetts,FFS,164256.0,7811349.0,2.1,-2.07,-0.12,16612.0,10.11,-0.12,-0.07
224,2020,State,25.0,Massachusetts,MC,178536.0,8169031.0,2.19,-3.27,-0.08,14926.0,8.36,0.46,-0.69
225,2020,State,26.0,Michigan,All,941387.0,26621594.0,3.54,-4.49,-0.26,46836.0,4.98,-1.28,-0.66
226,2020,State,26.0,Michigan,FFS,71103.0,8392302.0,0.85,-1.65,-0.15,4980.0,7.0,-0.42,-0.92
227,2020,State,26.0,Michigan,MC,870284.0,18229292.0,4.77,-6.09,-0.29,41856.0,4.81,-1.31,-0.63
228,2020,State,27.0,Minnesota,All,309747.0,11399765.0,2.72,-3.02,-0.09,25288.0,8.16,0.02,0.23
229,2020,State,27.0,Minnesota,FFS,37959.0,1759224.0,2.16,-2.72,-0.2,3344.0,8.81,-0.05,-0.25
230,2020,State,27.0,Minnesota,MC,271788.0,9640541.0,2.82,-3.17,-0.08,21944.0,8.07,0.1,0.32
231,2020,State,28.0,Mississippi,All,159798.0,4845372.0,3.3,-3.59,-0.37,6870.0,4.3,0.27,-0.39
232,2020,State,28.0,Mississippi,FFS,23874.0,912022.0,2.62,-1.45,-0.5,1462.0,6.12,0.7,-1.17
233,2020,State,28.0,Mississippi,MC,135924.0,3933350.0,3.46,-4.63,-0.33,5408.0,3.98,0.24,-0.26
234,2020,State,29.0,Missouri,All,308392.0,10587674.0,2.91,-3.07,-0.33,20919.0,6.78,-2.35,-1.14
235,2020,State,29.0,Missouri,FFS,308392.0,10587674.0,2.91,-3.07,-0.33,20919.0,6.78,-2.35,-1.14
237,2020,State,30.0,Montana,All,287494.0,2947481.0,9.75,2.24,-0.1,180978.0,62.95,51.71,2.69
238,2020,State,30.0,Montana,FFS,287494.0,2947481.0,9.75,2.24,-0.1,180978.0,62.95,51.71,2.69
240,2020,State,31.0,Nebraska,All,72359.0,2324659.0,3.11,-2.6,0.01,7550.0,10.43,0.27,-1.28
243,2020,State,32.0,Nevada,All,274352.0,5842864.0,4.7,-4.18,-0.18,23009.0,8.39,-0.58,-0.28
244,2020,State,32.0,Nevada,FFS,103928.0,1858364.0,5.59,-3.56,-0.36,11245.0,10.82,-1.09,-0.58
245,2020,State,32.0,Nevada,MC,170424.0,3984500.0,4.28,-4.42,-0.12,11764.0,6.9,0.01,-0.09
246,2020,State,33.0,New Hampshire,All,49153.0,2249176.0,2.19,-3.96,-0.24,6290.0,12.8,0.59,-0.97
247,2020,State,33.0,New Hampshire,FFS,823.0,35692.0,2.31,-3.72,-0.31,84.0,10.21,1.07,-1.8
248,2020,State,33.0,New Hampshire,MC,48330.0,2213484.0,2.18,-3.98,-0.24,6206.0,12.84,0.26,-0.97
249,2020,State,34.0,New Jersey,All,450417.0,17796374.0,2.53,-2.35,-0.11,36346.0,8.07,-0.22,-0.32
250,2020,State,34.0,New Jersey,FFS,7198.0,337762.0,2.13,-2.91,-0.32,1214.0,16.87,-3.37,-2.89
251,2020,State,34.0,New Jersey,MC,443219.0,17458612.0,2.54,-2.33,-0.11,35132.0,7.93,0.2,-0.23
252,2020,State,35.0,New Mexico,All,158530.0,4556018.0,3.48,-3.44,-0.55,4899.0,3.09,-1.48,-0.52
253,2020,State,35.0,New Mexico,FFS,7746.0,277037.0,2.8,-7.32,-1.42,302.0,3.9,1.49,-0.19
254,2020,State,35.0,New Mexico,MC,150784.0,4278981.0,3.52,-3.3,-0.49,4597.0,3.05,-1.62,-0.53
255,2020,State,36.0,New York,All,989308.0,61494381.0,1.61,-1.62,-0.13,73639.0,7.44,-1.36,-0.45
256,2020,State,36.0,New York,FFS,44888.0,6555191.0,0.68,-1.26,-0.27,5932.0,13.22,0.2,-0.51
257,2020,State,36.0,New York,MC,944420.0,54939190.0,1.72,-1.69,-0.13,67707.0,7.17,-1.32,-0.28
258,2020,State,37.0,North Carolina,All,455498.0,13806081.0,3.3,-3.75,-0.05,51418.0,11.29,1.97,-0.12
259,2020,State,37.0,North Carolina,FFS,455498.0,13806081.0,3.3,-3.75,-0.05,51418.0,11.29,1.97,-0.12
261,2020,State,38.0,North Dakota,All,27692.0,943905.0,2.93,-4.0,-0.19,828.0,2.99,-4.96,-0.18
262,2020,State,38.0,North Dakota,FFS,27660.0,868597.0,3.18,-2.58,0.41,828.0,2.99,-5.13,-0.06
263,2020,State,38.0,North Dakota,MC,32.0,75308.0,0.04,-8.67,-3.47,0.0,0.0,-7.79,-3.28
264,2020,State,39.0,Ohio,All,971893.0,39809507.0,2.44,-3.71,-0.09,46519.0,4.79,-0.31,-0.36
265,2020,State,39.0,Ohio,FFS,65954.0,3055997.0,2.16,-2.6,-0.17,5739.0,8.7,-0.07,0.44
266,2020,State,39.0,Ohio,MC,905939.0,36753510.0,2.46,-3.89,-0.08,40780.0,4.5,-0.2,-0.4
267,2020,State,40.0,Oklahoma,All,212083.0,4974334.0,4.26,-3.37,-0.16,16637.0,7.84,-0.62,-0.24
268,2020,State,40.0,Oklahoma,FFS,212083.0,4974334.0,4.26,-3.37,-0.16,16637.0,7.84,-0.62,-0.24
270,2020,State,41.0,Oregon,All,375868.0,9538960.0,3.94,-4.54,-0.22,45316.0,12.06,4.3,1.41
271,2020,State,41.0,Oregon,FFS,11075.0,2231708.0,0.5,-2.03,-0.39,359.0,3.24,-4.92,-12.33
272,2020,State,41.0,Oregon,MC,364793.0,7307252.0,4.99,-5.22,-0.14,44957.0,12.32,4.59,1.92
273,2020,State,42.0,Pennsylvania,All,498079.0,31203728.0,1.6,-4.41,-0.31,48656.0,9.77,1.11,0.05
274,2020,State,42.0,Pennsylvania,FFS,5455.0,486987.0,1.12,-3.07,-0.07,619.0,11.35,1.85,-4.29
275,2020,State,42.0,Pennsylvania,MC,492624.0,30716741.0,1.6,-4.5,-0.33,48037.0,9.75,1.12,0.13
276,2020,State,44.0,Rhode Island,All,66193.0,3131691.0,2.11,-2.77,-0.13,5698.0,8.61,2.13,0.44
277,2020,State,44.0,Rhode Island,FFS,1683.0,141839.0,1.19,-2.25,-0.11,170.0,10.1,-1.13,-2.83
278,2020,State,44.0,Rhode Island,MC,64510.0,2989852.0,2.16,-2.84,-0.13,5528.0,8.57,2.35,0.53
279,2020,State,45.0,South Carolina,All,152339.0,6456423.0,2.36,-4.18,-0.39,11997.0,7.88,1.53,0.62
280,2020,State,45.0,South Carolina,FFS,22951.0,1042420.0,2.2,-2.06,-0.08,2149.0,9.36,1.36,0.6
281,2020,State,45.0,South Carolina,MC,129388.0,5414003.0,2.39,-4.64,-0.46,9848.0,7.61,1.48,0.6
282,2020,State,46.0,South Dakota,All,24273.0,846574.0,2.87,-3.19,-0.17,2302.0,9.48,0.13,-0.46
283,2020,State,46.0,South Dakota,FFS,24273.0,846574.0,2.87,-3.19,-0.17,2302.0,9.48,0.13,-0.46
285,2020,State,47.0,Tennessee,All,521007.0,13468682.0,3.87,-3.92,1.43,229213.0,43.99,37.16,40.35
286,2020,State,47.0,Tennessee,FFS,289074.0,12035840.0,2.4,-5.68,-0.23,10812.0,3.74,-3.09,0.02
288,2020,State,48.0,Texas,All,636819.0,26220306.0,2.43,-1.41,-0.03,28037.0,4.4,-0.51,0.0
289,2020,State,48.0,Texas,FFS,9150.0,744641.0,1.23,-0.49,-0.62,386.0,4.22,-0.16,0.72
290,2020,State,48.0,Texas,MC,627669.0,25475665.0,2.46,-1.69,-0.01,27651.0,4.41,-0.53,-0.01
291,2020,State,49.0,Utah,All,124866.0,3056343.0,4.09,-3.64,-0.22,11087.0,8.88,-2.07,-0.7
292,2020,State,49.0,Utah,FFS,22638.0,1327112.0,1.71,-3.35,-0.77,1313.0,5.8,-4.74,0.21
293,2020,State,49.0,Utah,MC,102228.0,1729231.0,5.91,-4.13,-0.17,9774.0,9.56,-1.57,-1.59
294,2020,State,50.0,Vermont,All,42788.0,1455947.0,2.94,-4.09,-0.27,6278.0,14.67,0.71,-0.05
297,2020,State,51.0,Virginia,All,2421644.0,18861371.0,12.84,7.12,2.49,2081400.0,85.95,78.69,5.5
298,2020,State,51.0,Virginia,FFS,55723.0,389860.0,14.29,10.86,-3.49,51096.0,91.7,84.25,-0.23
299,2020,State,51.0,Virginia,MC,2365921.0,18471511.0,12.81,6.65,2.73,2030304.0,85.81,78.57,6.09
300,2020,State,53.0,Washington,All,522028.0,13589083.0,3.84,-4.27,-0.24,41223.0,7.9,-1.44,-0.28
301,2020,State,53.0,Washington,FFS,22465.0,626837.0,3.58,-6.6,-2.84,1249.0,5.56,-1.6,1.38
302,2020,State,53.0,Washington,MC,499563.0,12962246.0,3.85,-3.97,-0.08,39974.0,8.0,-1.73,-0.6
303,2020,State,54.0,West Virginia,All,167406.0,8518818.0,1.97,-3.63,-0.18,7012.0,4.19,-0.72,0.36
306,2020,State,55.0,Wisconsin,All,483262.0,10569244.0,4.57,-3.94,-0.14,109991.0,22.76,7.56,1.98
307,2020,State,55.0,Wisconsin,FFS,483262.0,10569244.0,4.57,-3.96,-0.14,109991.0,22.76,7.62,1.97
309,2020,State,56.0,Wyoming,All,17835.0,413199.0,4.32,-3.0,-0.11,2107.0,11.81,2.11,0.96
310,2020,State,56.0,Wyoming,FFS,17835.0,413199.0,4.32,-3.0,-0.11,2107.0,11.81,2.11,0.96
315,2019,State,1.0,Alabama,All,224307.0,7229386.0,3.1,-3.23,-1.08,10307.0,4.6,0.16,0.48
316,2019,State,1.0,Alabama,FFS,224307.0,7229386.0,3.1,-3.23,-1.08,10307.0,4.6,0.16,0.48
318,2019,State,2.0,Alaska,All,65389.0,1433657.0,4.56,-3.33,-1.2,8268.0,12.64,0.88,-0.71
319,2019,State,2.0,Alaska,FFS,65389.0,1433657.0,4.56,-3.33,-1.2,8268.0,12.64,0.88,-0.71
321,2019,State,4.0,Arizona,All,595124.0,14954631.0,3.98,-5.15,-0.76,44314.0,7.45,-2.78,-0.51
322,2019,State,4.0,Arizona,FFS,9717.0,149080.0,6.52,-9.48,-2.37,591.0,6.08,-2.32,0.19
323,2019,State,4.0,Arizona,MC,585407.0,14805551.0,3.95,-5.12,-0.75,43723.0,7.47,-2.79,-0.53
324,2019,State,5.0,Arkansas,All,216695.0,5017840.0,4.32,-3.12,-0.88,8129.0,3.75,-0.35,-1.06
325,2019,State,5.0,Arkansas,FFS,203686.0,4251478.0,4.79,-2.65,-0.41,7713.0,3.79,-0.31,-1.02
327,2019,State,6.0,California,All,2763904.0,86754095.0,3.19,-3.13,-0.59,174298.0,6.31,-0.06,-0.16
328,2019,State,6.0,California,FFS,672529.0,22698097.0,2.96,-2.77,-0.51,60072.0,8.93,0.4,-0.01
329,2019,State,6.0,California,MC,2091375.0,64055998.0,3.26,-3.45,-0.63,114226.0,5.46,0.31,-0.2
330,2019,State,8.0,Colorado,All,419271.0,7601683.0,5.52,-5.58,-1.15,38808.0,9.26,1.03,0.01
331,2019,State,8.0,Colorado,FFS,397708.0,7060304.0,5.63,-5.47,-1.13,36970.0,9.3,1.07,0.0
333,2019,State,9.0,Connecticut,All,294479.0,9250370.0,3.18,-3.56,-0.34,22998.0,7.81,-1.7,0.81
334,2019,State,9.0,Connecticut,FFS,294479.0,9250370.0,3.18,-3.56,-0.34,22998.0,7.81,-1.7,0.81
336,2019,State,10.0,Delaware,All,90200.0,2791832.0,3.23,-4.66,-0.89,14353.0,15.91,-0.96,-0.72
337,2019,State,10.0,Delaware,FFS,1042.0,58720.0,1.77,-6.74,-0.15,45.0,4.32,-12.55,1.64
339,2019,State,11.0,District of Columbia,All,59197.0,2129273.0,2.78,-2.33,-0.57,2366.0,4.0,-1.26,-0.23
340,2019,State,11.0,District of Columbia,FFS,25360.0,854530.0,2.97,-2.62,-0.28,1679.0,6.62,-2.67,-0.84
341,2019,State,11.0,District of Columbia,MC,33837.0,1274743.0,2.65,-2.15,-0.77,687.0,2.03,-0.27,0.0
342,2019,State,12.0,Florida,All,692903.0,26838208.0,2.58,-2.92,-0.58,49579.0,7.16,-1.2,0.1
343,2019,State,12.0,Florida,FFS,20316.0,1498836.0,1.36,-3.33,0.02,1666.0,8.2,0.95,1.07
344,2019,State,12.0,Florida,MC,672587.0,25339372.0,2.65,-3.33,-0.67,47913.0,7.12,-1.76,0.06
345,2019,State,13.0,Georgia,All,596565.0,15615850.0,3.82,-2.84,-0.47,35182.0,5.9,0.93,-0.08
346,2019,State,13.0,Georgia,FFS,350076.0,7159354.0,4.89,-2.64,-0.39,30615.0,8.75,1.29,-0.42
347,2019,State,13.0,Georgia,MC,246489.0,8456496.0,2.91,-2.95,-0.55,4567.0,1.85,-0.17,-0.1
348,2019,State,15.0,Hawaii,All,86100.0,2204037.0,3.91,-3.48,-0.68,7898.0,9.17,-1.71,-1.25
351,2019,State,16.0,Idaho,All,84108.0,2321760.0,3.62,-4.25,-0.49,6667.0,7.93,-1.33,-0.57
352,2019,State,16.0,Idaho,FFS,84108.0,2321760.0,3.62,-4.25,-0.49,6667.0,7.93,-1.33,-0.57
354,2019,State,17.0,Illinois,All,847346.0,25524683.0,3.32,-2.72,-0.48,28228.0,3.33,-0.36,-0.04
355,2019,State,17.0,Illinois,FFS,45095.0,2252638.0,2.0,-4.24,-1.1,1281.0,2.84,-0.51,-0.42
356,2019,State,17.0,Illinois,MC,802251.0,23272045.0,3.45,-2.06,-0.48,26947.0,3.36,-1.34,-0.02
357,2019,State,18.0,Indiana,All,544444.0,14845369.0,3.67,-4.4,-0.48,31327.0,5.75,-2.08,-0.19
358,2019,State,18.0,Indiana,FFS,47186.0,2047016.0,2.31,-5.9,-0.04,3926.0,8.32,0.49,-1.78
359,2019,State,18.0,Indiana,MC,497258.0,12798353.0,3.89,3.74,-0.51,27401.0,5.51,5.51,-0.11
360,2019,State,19.0,Iowa,All,274588.0,5888095.0,4.66,-1.86,0.0,126288.0,45.99,39.66,12.72
363,2019,State,20.0,Kansas,All,106610.0,3227787.0,3.3,-4.05,-1.23,8264.0,7.75,-2.33,-1.75
364,2019,State,20.0,Kansas,FFS,311.0,19415.0,1.6,-0.77,0.19,16.0,5.14,-2.74,-5.74
365,2019,State,20.0,Kansas,MC,106299.0,3208372.0,3.31,-4.05,-1.24,8248.0,7.76,-2.32,-1.74
366,2019,State,21.0,Kentucky,All,659805.0,22136780.0,2.98,-2.04,-0.56,17984.0,2.73,-2.14,-0.32
367,2019,State,21.0,Kentucky,FFS,10836.0,802618.0,1.35,-1.19,-0.84,665.0,6.14,-8.01,-0.29
368,2019,State,21.0,Kentucky,MC,648969.0,21334162.0,3.04,-2.24,-0.55,17319.0,2.67,-1.72,-0.3
369,2019,State,22.0,Louisiana,All,619395.0,19012647.0,3.26,-3.16,-0.64,14317.0,2.31,-0.93,0.2
370,2019,State,22.0,Louisiana,FFS,7459.0,766348.0,0.97,-4.29,-0.15,663.0,8.89,5.36,-1.89
371,2019,State,22.0,Louisiana,MC,611936.0,18246299.0,3.35,-4.23,-0.67,13654.0,2.23,-0.81,0.24
372,2019,State,23.0,Maine,All,71943.0,2109193.0,3.41,-2.96,-0.36,10105.0,14.05,1.56,-1.2
373,2019,State,23.0,Maine,FFS,71943.0,2109193.0,3.41,-2.96,-0.36,10105.0,14.05,1.56,-1.2
375,2019,State,24.0,Maryland,All,517154.0,13670866.0,3.78,-3.46,-0.52,53607.0,10.37,0.46,-0.37
376,2019,State,24.0,Maryland,FFS,24001.0,4537465.0,0.53,-1.13,-0.11,2782.0,11.59,-2.21,0.29
377,2019,State,24.0,Maryland,MC,493153.0,9133401.0,5.4,-4.31,-0.65,50825.0,10.31,0.7,-0.4
378,2019,State,25.0,Massachusetts,All,368830.0,16433581.0,2.24,-3.31,-0.38,35364.0,9.59,0.91,0.01
379,2019,State,25.0,Massachusetts,FFS,176076.0,7949272.0,2.22,-2.51,-0.33,17916.0,10.18,0.53,0.09
380,2019,State,25.0,Massachusetts,MC,192754.0,8484309.0,2.27,-4.01,-0.41,17448.0,9.05,1.03,-0.1
381,2019,State,26.0,Michigan,All,1038345.0,27327183.0,3.8,-5.17,-0.84,58580.0,5.64,-0.14,-0.12
382,2019,State,26.0,Michigan,FFS,85238.0,8498784.0,1.0,-2.33,-0.31,6754.0,7.92,0.92,0.27
383,2019,State,26.0,Michigan,MC,953107.0,18828399.0,5.06,-7.0,-1.09,51826.0,5.44,-0.16,-0.14
384,2019,State,27.0,Minnesota,All,320728.0,11421257.0,2.81,-3.66,-0.56,25444.0,7.93,0.27,-0.06
385,2019,State,27.0,Minnesota,FFS,45200.0,1914609.0,2.36,-3.24,-0.37,4093.0,9.06,0.41,-0.68
386,2019,State,27.0,Minnesota,MC,275528.0,9506648.0,2.9,-3.84,-0.6,21351.0,7.75,0.35,0.03
387,2019,State,28.0,Mississippi,All,196486.0,5353099.0,3.67,-3.61,-0.86,9215.0,4.69,1.19,0.03
388,2019,State,28.0,Mississippi,FFS,28803.0,924112.0,3.12,-0.83,-0.52,2099.0,7.29,3.55,0.18
389,2019,State,28.0,Mississippi,MC,167683.0,4428987.0,3.79,-6.51,-0.94,7116.0,4.24,0.83,0.01
390,2019,State,29.0,Missouri,All,354685.0,10938111.0,3.24,-3.4,-0.73,28104.0,7.92,-0.8,-1.24
391,2019,State,29.0,Missouri,FFS,354685.0,10938111.0,3.24,-3.4,-0.73,28104.0,7.92,-0.8,-1.24
393,2019,State,30.0,Montana,All,300501.0,3050400.0,9.85,1.7,0.37,181069.0,60.26,48.9,9.53
394,2019,State,30.0,Montana,FFS,300501.0,3050400.0,9.85,1.7,0.37,181069.0,60.26,48.9,9.53
396,2019,State,31.0,Nebraska,All,75085.0,2419773.0,3.1,-3.07,-0.82,8796.0,11.71,2.25,-0.55
397,2019,State,31.0,Nebraska,FFS,199.0,8834.0,2.25,-4.08,-1.8,16.0,8.04,-1.68,-4.24
398,2019,State,31.0,Nebraska,MC,74886.0,2410939.0,3.11,-0.31,-0.81,8780.0,11.72,10.57,-0.54
399,2019,State,32.0,Nevada,All,282623.0,5786403.0,4.88,-4.94,-0.58,24498.0,8.67,-0.12,-0.53
400,2019,State,32.0,Nevada,FFS,107665.0,1809377.0,5.95,-3.79,-0.6,12274.0,11.4,-0.7,-0.59
401,2019,State,32.0,Nevada,MC,174958.0,3977026.0,4.4,-5.51,-0.54,12224.0,6.99,1.46,-0.47
402,2019,State,33.0,New Hampshire,All,48672.0,2005884.0,2.43,-3.85,-0.22,6701.0,13.77,-0.37,-0.61
403,2019,State,33.0,New Hampshire,FFS,1216.0,46332.0,2.62,-3.6,-0.56,146.0,12.01,0.81,3.17
404,2019,State,33.0,New Hampshire,MC,47456.0,1959552.0,2.42,-3.87,-0.18,6555.0,13.81,-0.85,-1.27
405,2019,State,34.0,New Jersey,All,496198.0,18788625.0,2.64,-2.44,-0.31,41653.0,8.39,-0.01,-0.34
406,2019,State,34.0,New Jersey,FFS,10136.0,413950.0,2.45,-2.97,-0.52,2003.0,19.76,-1.39,0.05
407,2019,State,34.0,New Jersey,MC,486062.0,18374675.0,2.65,-2.41,-0.3,39650.0,8.16,0.67,-0.33
408,2019,State,35.0,New Mexico,All,202092.0,5018066.0,4.03,-3.78,-0.65,7305.0,3.61,-2.24,-0.28
409,2019,State,35.0,New Mexico,FFS,13402.0,317280.0,4.22,-5.29,-1.13,548.0,4.09,1.92,-0.11
410,2019,State,35.0,New Mexico,MC,188690.0,4700786.0,4.01,-3.76,-0.63,6757.0,3.58,-2.39,-0.29
411,2019,State,36.0,New York,All,1138548.0,65568118.0,1.74,-1.51,-0.26,89809.0,7.89,-1.24,-0.51
412,2019,State,36.0,New York,FFS,79663.0,8372224.0,0.95,-1.09,-0.05,10936.0,13.73,-1.25,-0.61
413,2019,State,36.0,New York,MC,1058885.0,57195894.0,1.85,-1.57,-0.27,78873.0,7.45,-1.19,-0.62
414,2019,State,37.0,North Carolina,All,520129.0,15514523.0,3.35,-3.98,-0.65,59322.0,11.41,2.23,0.41
415,2019,State,37.0,North Carolina,FFS,520129.0,15514523.0,3.35,-3.98,-0.65,59322.0,11.41,2.23,0.41
417,2019,State,38.0,North Dakota,All,29731.0,952654.0,3.12,-4.18,-0.71,942.0,3.17,-4.52,-1.17
418,2019,State,38.0,North Dakota,FFS,13977.0,503895.0,2.77,-3.66,-0.49,426.0,3.05,-5.03,-1.35
419,2019,State,38.0,North Dakota,MC,15754.0,448759.0,3.51,-6.45,-1.11,516.0,3.28,-3.63,-0.99
420,2019,State,39.0,Ohio,All,1063068.0,42058457.0,2.53,-4.6,-0.47,54705.0,5.15,-0.14,-0.22
421,2019,State,39.0,Ohio,FFS,77984.0,3345846.0,2.33,-3.33,-0.14,6442.0,8.26,-0.8,-1.1
422,2019,State,39.0,Ohio,MC,985084.0,38712611.0,2.54,-4.87,-0.51,48263.0,4.9,0.14,-0.2
423,2019,State,40.0,Oklahoma,All,236836.0,5356994.0,4.42,-3.91,-0.97,19148.0,8.08,1.03,-0.82
424,2019,State,40.0,Oklahoma,FFS,236836.0,5356994.0,4.42,-3.91,-0.97,19148.0,8.08,1.03,-0.82
426,2019,State,41.0,Oregon,All,381643.0,9178879.0,4.16,-5.29,-0.69,40658.0,10.65,2.72,4.38
427,2019,State,41.0,Oregon,FFS,18778.0,2102599.0,0.89,-2.33,-0.49,2923.0,15.57,8.15,-8.01
428,2019,State,41.0,Oregon,MC,362865.0,7076280.0,5.13,-6.44,-0.77,37735.0,10.4,2.42,5.36
429,2019,State,42.0,Pennsylvania,All,617650.0,32261732.0,1.91,-4.46,-0.84,60009.0,9.72,0.74,0.57
430,2019,State,42.0,Pennsylvania,FFS,10204.0,858779.0,1.19,-2.79,-0.2,1596.0,15.64,-0.45,-0.86
431,2019,State,42.0,Pennsylvania,MC,607446.0,31402953.0,1.93,-4.58,-0.87,58413.0,9.62,0.89,0.6
432,2019,State,44.0,Rhode Island,All,71802.0,3199058.0,2.24,-3.39,-0.28,5869.0,8.17,2.11,0.52
433,2019,State,44.0,Rhode Island,FFS,1957.0,151066.0,1.3,-3.03,-0.17,253.0,12.93,2.85,-1.53
434,2019,State,44.0,Rhode Island,MC,69845.0,3047992.0,2.29,-3.48,-0.27,5616.0,8.04,2.32,0.54
435,2019,State,45.0,South Carolina,All,178209.0,6473872.0,2.75,-4.36,-0.79,12930.0,7.26,1.38,-0.06
436,2019,State,45.0,South Carolina,FFS,25398.0,1114124.0,2.28,-2.47,-0.3,2225.0,8.76,1.74,0.2
437,2019,State,45.0,South Carolina,MC,152811.0,5359748.0,2.85,-4.77,-0.9,10705.0,7.01,1.29,-0.13
438,2019,State,46.0,South Dakota,All,26421.0,868851.0,3.04,-3.68,-0.67,2627.0,9.94,2.06,-0.04
439,2019,State,46.0,South Dakota,FFS,26421.0,868851.0,3.04,-3.68,-0.67,2627.0,9.94,2.06,-0.04
441,2019,State,47.0,Tennessee,All,341187.0,13992817.0,2.44,-5.21,-0.93,12411.0,3.64,-4.23,-0.45
442,2019,State,47.0,Tennessee,FFS,327769.0,12465957.0,2.63,-5.29,-0.93,12207.0,3.72,-4.15,-0.46
444,2019,State,48.0,Texas,All,731327.0,29774049.0,2.46,-2.05,-0.41,32193.0,4.4,0.11,-0.43
445,2019,State,48.0,Texas,FFS,14838.0,804046.0,1.85,-0.69,-0.51,519.0,3.5,-1.84,-0.29
446,2019,State,48.0,Texas,MC,716489.0,28970003.0,2.47,-2.45,-0.42,31674.0,4.42,0.25,-0.44
447,2019,State,49.0,Utah,All,113118.0,2623724.0,4.31,-3.76,-0.51,10832.0,9.58,-0.37,-0.79
448,2019,State,49.0,Utah,FFS,31985.0,1288696.0,2.48,-3.59,0.18,1789.0,5.59,-4.39,-2.06
449,2019,State,49.0,Utah,MC,81133.0,1335028.0,6.08,-3.76,-0.92,9043.0,11.15,1.22,0.0
450,2019,State,50.0,Vermont,All,47130.0,1466352.0,3.21,-4.93,-0.83,6938.0,14.72,0.57,-0.44
453,2019,State,51.0,Virginia,All,1753480.0,16947347.0,10.35,4.01,3.79,1410594.0,80.45,72.93,16.69
454,2019,State,51.0,Virginia,FFS,104328.0,586628.0,17.78,13.84,7.02,95912.0,91.93,81.97,5.98
455,2019,State,51.0,Virginia,MC,1649152.0,16360719.0,10.08,3.13,4.01,1314682.0,79.72,72.56,20.55
456,2019,State,53.0,Washington,All,575404.0,14095493.0,4.08,-4.92,-0.94,47048.0,8.18,-0.98,0.27
457,2019,State,53.0,Washington,FFS,54596.0,850991.0,6.42,-4.2,-1.93,2283.0,4.18,-4.14,0.13
458,2019,State,53.0,Washington,MC,520808.0,13244502.0,3.93,-4.79,-0.87,44765.0,8.6,-0.74,0.24
459,2019,State,54.0,West Virginia,All,198674.0,9252345.0,2.15,-4.75,-0.58,7602.0,3.83,-0.42,-0.21
462,2019,State,55.0,Wisconsin,All,501190.0,10639078.0,4.71,-4.15,-0.7,104147.0,20.78,6.62,0.92
463,2019,State,55.0,Wisconsin,FFS,497698.0,10559859.0,4.71,-4.16,-0.71,103465.0,20.79,6.7,0.95
464,2019,State,55.0,Wisconsin,MC,3492.0,79219.0,4.41,-3.36,-0.22,682.0,19.53,-5.42,-3.67
465,2019,State,56.0,Wyoming,All,19609.0,442330.0,4.43,-3.37,-0.51,2128.0,10.85,0.66,0.94
466,2019,State,56.0,Wyoming,FFS,19609.0,442330.0,4.43,-3.37,-0.51,2128.0,10.85,0.66,0.94
471,2018,State,1.0,Alabama,All,306105.0,7319465.0,4.18,-1.86,-0.67,12598.0,4.12,-0.21,-0.26
472,2018,State,1.0,Alabama,FFS,306105.0,7319465.0,4.18,-1.86,-0.67,12598.0,4.12,-0.21,-0.26
474,2018,State,2.0,Alaska,All,80390.0,1396466.0,5.76,-1.9,-0.75,10735.0,13.35,1.22,0.86
475,2018,State,2.0,Alaska,FFS,80390.0,1396466.0,5.76,-1.9,-0.75,10735.0,13.35,1.22,0.86
477,2018,State,4.0,Arizona,All,725158.0,15301206.0,4.74,-4.33,-1.29,57752.0,7.96,-2.91,-1.41
478,2018,State,4.0,Arizona,FFS,12439.0,139929.0,8.89,-5.91,-2.93,733.0,5.89,-3.63,0.0
479,2018,State,4.0,Arizona,MC,712719.0,15161277.0,4.7,-4.34,-1.28,57019.0,8.0,-2.88,-1.43
480,2018,State,5.0,Arkansas,All,256150.0,4922387.0,5.2,-1.42,-1.14,12308.0,4.81,0.42,-0.97
483,2018,State,6.0,California,All,3320845.0,87963110.0,3.78,-2.4,-0.69,214933.0,6.47,-1.09,-0.02
484,2018,State,6.0,California,FFS,821002.0,23671967.0,3.47,-1.91,-0.69,73401.0,8.94,-1.57,0.03
485,2018,State,6.0,California,MC,2499843.0,64291143.0,3.89,-2.88,-0.69,141532.0,5.66,-0.17,-0.04
486,2018,State,8.0,Colorado,All,526878.0,7893847.0,6.67,-4.39,-1.47,48730.0,9.25,-0.28,0.01
487,2018,State,8.0,Colorado,FFS,501250.0,7417273.0,6.76,-4.3,-1.4,46595.0,9.3,-0.23,-0.01
489,2018,State,9.0,Connecticut,All,328217.0,9331066.0,3.52,-3.5,-0.79,22988.0,7.0,-2.09,-1.09
490,2018,State,9.0,Connecticut,FFS,328217.0,9331066.0,3.52,-3.5,-0.79,22988.0,7.0,-2.09,-1.09
492,2018,State,10.0,Delaware,All,104507.0,2539681.0,4.12,-4.1,-0.37,17384.0,16.63,-0.31,-0.12
493,2018,State,10.0,Delaware,FFS,1379.0,71903.0,1.92,-6.83,-0.68,37.0,2.68,-14.26,-1.21
495,2018,State,11.0,District of Columbia,All,71366.0,2132075.0,3.35,-1.98,-0.47,3016.0,4.23,-0.87,-0.42
496,2018,State,11.0,District of Columbia,FFS,28855.0,887775.0,3.25,-2.3,-0.52,2154.0,7.46,-1.12,-0.33
497,2018,State,11.0,District of Columbia,MC,42511.0,1244300.0,3.42,-1.74,-0.44,862.0,2.03,-0.31,-0.47
498,2018,State,12.0,Florida,All,911893.0,28869504.0,3.16,-2.47,-0.93,64419.0,7.06,-1.02,0.11
499,2018,State,12.0,Florida,FFS,31910.0,2382591.0,1.34,-3.76,-0.48,2275.0,7.13,-0.47,0.62
500,2018,State,12.0,Florida,MC,879983.0,26486913.0,3.32,-3.11,-0.98,62144.0,7.06,-1.6,0.1
501,2018,State,13.0,Georgia,All,689370.0,16082175.0,4.29,-2.6,-0.88,41219.0,5.98,1.2,0.09
502,2018,State,13.0,Georgia,FFS,384864.0,7289055.0,5.28,-2.51,-0.73,35288.0,9.17,2.04,-0.1
503,2018,State,13.0,Georgia,MC,304506.0,8793120.0,3.46,-2.55,-1.0,5931.0,1.95,0.13,-0.14
504,2018,State,15.0,Hawaii,All,116284.0,2535314.0,4.59,-3.39,-0.9,12114.0,10.42,-0.22,-0.03
507,2018,State,16.0,Idaho,All,97329.0,2369819.0,4.11,-4.17,-1.17,8276.0,8.5,-0.66,-0.63
508,2018,State,16.0,Idaho,FFS,97329.0,2369819.0,4.11,-4.17,-1.17,8276.0,8.5,-0.66,-0.63
510,2018,State,17.0,Illinois,All,942603.0,24791764.0,3.8,-1.88,-0.91,31741.0,3.37,-0.79,-0.18
511,2018,State,17.0,Illinois,FFS,121354.0,3916690.0,3.1,-2.69,-1.65,3962.0,3.26,-0.53,0.21
512,2018,State,17.0,Illinois,MC,821249.0,20875074.0,3.93,-0.94,-0.77,27779.0,3.38,-4.22,-0.35
513,2018,State,18.0,Indiana,All,627549.0,15135474.0,4.15,-4.57,-1.13,37254.0,5.94,-2.62,0.17
516,2018,State,19.0,Iowa,All,235436.0,5053658.0,4.66,-1.37,0.1,78340.0,33.27,26.46,23.6
519,2018,State,20.0,Kansas,All,152010.0,3354085.0,4.53,-2.77,-1.3,14441.0,9.5,1.03,-0.77
520,2018,State,20.0,Kansas,FFS,285.0,20154.0,1.41,-3.61,-0.96,31.0,10.88,-2.78,-7.96
521,2018,State,20.0,Kansas,MC,151725.0,3333931.0,4.55,-2.93,-1.29,14410.0,9.5,1.3,-0.76
522,2018,State,21.0,Kentucky,All,802283.0,22679596.0,3.54,-1.74,-0.54,24448.0,3.05,-1.59,-0.13
523,2018,State,21.0,Kentucky,FFS,17173.0,784791.0,2.19,-0.9,-0.24,1105.0,6.43,-5.16,-0.62
524,2018,State,21.0,Kentucky,MC,785110.0,21894805.0,3.59,-2.17,-0.55,23343.0,2.97,-0.85,-0.12
525,2018,State,22.0,Louisiana,All,734775.0,18862930.0,3.9,-2.7,-1.11,15474.0,2.11,-1.11,-0.29
526,2018,State,22.0,Louisiana,FFS,9397.0,835841.0,1.12,-4.33,-0.41,1013.0,10.78,7.31,-1.18
527,2018,State,22.0,Louisiana,MC,725378.0,18027089.0,4.02,-3.94,-1.17,14461.0,1.99,-1.03,-0.27
528,2018,State,23.0,Maine,All,71780.0,1902774.0,3.77,-3.11,-0.27,10949.0,15.25,5.33,-0.25
529,2018,State,23.0,Maine,FFS,71780.0,1902774.0,3.77,-3.11,-0.27,10949.0,15.25,5.33,-0.25
531,2018,State,24.0,Maryland,All,600957.0,13989965.0,4.3,-3.02,-0.96,64549.0,10.74,1.18,-0.86
532,2018,State,24.0,Maryland,FFS,29253.0,4546490.0,0.64,-1.01,-0.21,3305.0,11.3,-3.27,-0.42
533,2018,State,24.0,Maryland,MC,571704.0,9443475.0,6.05,-4.02,-1.35,61244.0,10.71,1.55,-0.88
534,2018,State,25.0,Massachusetts,All,430522.0,16447052.0,2.62,-3.37,-0.56,41252.0,9.58,-0.17,-0.17
535,2018,State,25.0,Massachusetts,FFS,198485.0,7790378.0,2.55,-2.55,-0.2,20021.0,10.09,-0.9,-0.38
536,2018,State,25.0,Massachusetts,MC,232037.0,8656674.0,2.68,-4.24,-0.8,21231.0,9.15,0.35,-0.2
537,2018,State,26.0,Michigan,All,1324664.0,28526324.0,4.64,-4.06,-1.38,76280.0,5.76,-0.31,0.02
538,2018,State,26.0,Michigan,FFS,116768.0,8898519.0,1.31,-2.01,-0.39,8933.0,7.65,-0.56,0.39
539,2018,State,26.0,Michigan,MC,1207896.0,19627805.0,6.15,-5.76,-1.93,67347.0,5.58,-0.14,-0.01
540,2018,State,27.0,Minnesota,All,403003.0,11966244.0,3.37,-3.54,-0.77,32197.0,7.99,0.17,-0.81
541,2018,State,27.0,Minnesota,FFS,54348.0,1993886.0,2.73,-3.24,-0.71,5291.0,9.74,0.25,0.34
542,2018,State,27.0,Minnesota,MC,348655.0,9972358.0,3.5,-3.76,-0.78,26906.0,7.72,0.41,-0.98
543,2018,State,28.0,Mississippi,All,245928.0,5428636.0,4.53,-2.98,-1.03,11452.0,4.66,1.31,-0.03
544,2018,State,28.0,Mississippi,FFS,36062.0,991848.0,3.64,-0.65,-0.94,2565.0,7.11,3.83,-0.2
545,2018,State,28.0,Mississippi,MC,209866.0,4436788.0,4.73,-5.92,-1.03,8887.0,4.23,0.85,-0.04
546,2018,State,29.0,Missouri,All,447039.0,11248390.0,3.97,-2.9,-0.91,40950.0,9.16,0.74,-0.42
547,2018,State,29.0,Missouri,FFS,447039.0,11248390.0,3.97,-2.9,-0.91,40950.0,9.16,0.74,-0.42
549,2018,State,30.0,Montana,All,277969.0,2932281.0,9.48,1.05,2.78,141021.0,50.73,38.52,38.68
550,2018,State,30.0,Montana,FFS,277969.0,2932281.0,9.48,1.05,2.78,141021.0,50.73,38.52,38.68
552,2018,State,31.0,Nebraska,All,105388.0,2686202.0,3.92,-2.5,-0.48,12923.0,12.26,2.95,0.03
553,2018,State,31.0,Nebraska,FFS,513.0,12676.0,4.05,-2.5,-0.49,63.0,12.28,2.61,-0.79
554,2018,State,31.0,Nebraska,MC,104875.0,2673526.0,3.92,-0.62,-0.48,12860.0,12.26,10.09,0.05
555,2018,State,32.0,Nevada,All,347481.0,6363794.0,5.46,-3.91,-1.91,31971.0,9.2,-1.6,0.57
556,2018,State,32.0,Nevada,FFS,133896.0,2042949.0,6.55,-2.58,-1.67,16048.0,11.99,-1.48,0.77
557,2018,State,32.0,Nevada,MC,213585.0,4320845.0,4.94,-4.94,-1.99,15923.0,7.46,2.12,0.42
558,2018,State,33.0,New Hampshire,All,37488.0,1412816.0,2.65,-4.0,-0.58,5392.0,14.38,0.95,-0.14
559,2018,State,33.0,New Hampshire,FFS,4175.0,131351.0,3.18,-3.49,-0.58,369.0,8.84,-4.36,1.68
560,2018,State,33.0,New Hampshire,MC,33313.0,1281465.0,2.6,-3.77,-0.56,5023.0,15.08,-1.85,-0.53
561,2018,State,34.0,New Jersey,All,561878.0,19027162.0,2.95,-1.79,-0.67,49072.0,8.73,-0.93,-0.61
562,2018,State,34.0,New Jersey,FFS,12218.0,411578.0,2.97,-2.39,-0.42,2408.0,19.71,-0.07,-1.66
563,2018,State,34.0,New Jersey,MC,549660.0,18615584.0,2.95,-1.69,-0.68,46664.0,8.49,0.72,-0.59
564,2018,State,35.0,New Mexico,All,269377.0,5761533.0,4.68,-3.01,-0.86,10473.0,3.89,-3.48,-0.45
565,2018,State,35.0,New Mexico,FFS,16789.0,313906.0,5.35,-2.91,-1.55,705.0,4.2,-0.34,0.27
566,2018,State,35.0,New Mexico,MC,252588.0,5447627.0,4.64,-3.01,-0.83,9768.0,3.87,-3.7,-0.5
567,2018,State,36.0,New York,All,1323665.0,66172049.0,2.0,-1.6,-0.47,111174.0,8.4,-0.31,-0.68
568,2018,State,36.0,New York,FFS,70248.0,7040406.0,1.0,-1.35,-0.26,10073.0,14.34,-0.38,-0.31
569,2018,State,36.0,New York,MC,1253417.0,59131643.0,2.12,-1.67,-0.47,101101.0,8.07,-0.08,-0.76
570,2018,State,37.0,North Carolina,All,613637.0,15331801.0,4.0,-3.85,-1.55,67503.0,11.0,1.91,1.18
571,2018,State,37.0,North Carolina,FFS,613637.0,15331801.0,4.0,-3.85,-1.55,67503.0,11.0,1.91,1.18
573,2018,State,38.0,North Dakota,All,37137.0,969667.0,3.83,-2.95,-0.99,1610.0,4.34,-4.36,-1.96
574,2018,State,38.0,North Dakota,FFS,18276.0,561379.0,3.26,-3.52,-0.73,804.0,4.4,-4.3,-1.19
576,2018,State,39.0,Ohio,All,1290481.0,43004252.0,3.0,-4.6,-1.19,69310.0,5.37,-0.87,0.02
577,2018,State,39.0,Ohio,FFS,82827.0,3349658.0,2.47,-3.37,-1.04,7751.0,9.36,-0.68,0.7
578,2018,State,39.0,Ohio,MC,1207654.0,39654594.0,3.05,-5.18,-1.21,61559.0,5.1,-0.19,0.01
579,2018,State,40.0,Oklahoma,All,301559.0,5594115.0,5.39,-3.45,-1.03,26848.0,8.9,2.6,-0.48
580,2018,State,40.0,Oklahoma,FFS,301559.0,5594115.0,5.39,-3.45,-1.03,26848.0,8.9,2.6,-0.48
582,2018,State,41.0,Oregon,All,442778.0,9128662.0,4.85,-4.94,-1.38,27772.0,6.27,-3.79,-1.15
583,2018,State,41.0,Oregon,FFS,29346.0,2121782.0,1.38,-1.57,-0.71,6919.0,23.58,10.52,6.43
584,2018,State,41.0,Oregon,MC,413432.0,7006880.0,5.9,-6.23,-1.47,20853.0,5.04,-4.77,-1.62
585,2018,State,42.0,Pennsylvania,All,925613.0,33682616.0,2.75,-3.94,-1.49,84711.0,9.15,0.13,0.16
586,2018,State,42.0,Pennsylvania,FFS,16164.0,1161672.0,1.39,-3.77,-0.55,2667.0,16.5,2.22,-1.3
587,2018,State,42.0,Pennsylvania,MC,909449.0,32520944.0,2.8,-4.05,-1.53,82044.0,9.02,0.42,0.18
588,2018,State,44.0,Rhode Island,All,88704.0,3515400.0,2.52,-2.77,-0.83,6784.0,7.65,-0.06,0.74
589,2018,State,44.0,Rhode Island,FFS,1909.0,129744.0,1.47,-2.08,-0.74,276.0,14.46,1.37,3.17
590,2018,State,44.0,Rhode Island,MC,86795.0,3385656.0,2.56,-3.13,-0.84,6508.0,7.5,0.58,0.71
591,2018,State,45.0,South Carolina,All,233689.0,6593027.0,3.54,-3.33,-1.28,17101.0,7.32,1.29,0.9
592,2018,State,45.0,South Carolina,FFS,29639.0,1150755.0,2.58,-3.63,-0.49,2537.0,8.56,1.4,0.13
593,2018,State,45.0,South Carolina,MC,204050.0,5442272.0,3.75,-3.6,-1.44,14564.0,7.14,1.8,0.97
594,2018,State,46.0,South Dakota,All,32785.0,883741.0,3.71,-3.61,-1.07,3272.0,9.98,1.76,0.23
595,2018,State,46.0,South Dakota,FFS,32785.0,883741.0,3.71,-3.61,-1.07,3272.0,9.98,1.76,0.23
597,2018,State,47.0,Tennessee,All,457429.0,13593230.0,3.37,-5.81,-2.33,18716.0,4.09,-4.06,-0.34
598,2018,State,47.0,Tennessee,FFS,438972.0,12325658.0,3.56,-6.06,-2.57,18328.0,4.18,-3.97,-0.33
600,2018,State,48.0,Texas,All,890991.0,31001283.0,2.87,-2.13,-0.47,43041.0,4.83,0.73,-0.42
601,2018,State,48.0,Texas,FFS,20832.0,884189.0,2.36,-0.38,-0.29,790.0,3.79,-1.36,-1.28
602,2018,State,48.0,Texas,MC,870159.0,30117094.0,2.89,-2.61,-0.48,42251.0,4.86,0.87,-0.4
603,2018,State,49.0,Utah,All,120134.0,2492931.0,4.82,-3.13,-1.09,12461.0,10.37,1.43,-0.82
604,2018,State,49.0,Utah,FFS,26667.0,1158252.0,2.3,-3.97,-0.39,2040.0,7.65,-1.95,-1.17
605,2018,State,49.0,Utah,MC,93467.0,1334679.0,7.0,-2.29,-1.49,10421.0,11.15,2.56,-0.64
606,2018,State,50.0,Vermont,All,60520.0,1496879.0,4.04,-4.81,-1.0,9175.0,15.16,1.15,0.0
607,2018,State,50.0,Vermont,FFS,60520.0,1496303.0,4.04,-4.81,-1.0,9175.0,15.16,1.15,0.0
609,2018,State,51.0,Virginia,All,728090.0,11104727.0,6.56,-0.39,2.38,464252.0,63.76,56.67,47.25
610,2018,State,51.0,Virginia,FFS,124827.0,1160592.0,10.76,5.93,7.0,107289.0,85.95,75.64,50.32
611,2018,State,51.0,Virginia,MC,603263.0,9944135.0,6.07,-1.51,1.81,356963.0,59.17,52.68,45.81
612,2018,State,53.0,Washington,All,715535.0,14259424.0,5.02,-3.8,-1.17,56600.0,7.91,-3.24,-0.33
613,2018,State,53.0,Washington,FFS,74347.0,889920.0,8.35,0.49,-1.43,3012.0,4.05,-8.38,-0.48
614,2018,State,53.0,Washington,MC,641188.0,13369504.0,4.8,-4.51,-1.15,53588.0,8.36,-2.23,-0.28
615,2018,State,54.0,West Virginia,All,258932.0,9481639.0,2.73,-4.19,-0.88,10468.0,4.04,-1.5,-0.83
618,2018,State,55.0,Wisconsin,All,589412.0,10886934.0,5.41,-3.44,-1.04,117060.0,19.86,6.47,1.32
619,2018,State,55.0,Wisconsin,FFS,585710.0,10806962.0,5.42,-3.43,-1.04,116201.0,19.84,6.47,1.36
620,2018,State,55.0,Wisconsin,MC,3702.0,79972.0,4.63,-3.75,-0.58,859.0,23.2,4.73,-4.87
621,2018,State,56.0,Wyoming,All,23395.0,473446.0,4.94,-2.84,-0.9,2318.0,9.91,-0.36,0.49
622,2018,State,56.0,Wyoming,FFS,23395.0,473446.0,4.94,-2.84,-0.9,2318.0,9.91,-0.36,0.49
